{
  "x1 ": {
    "xRel": 0.12771,
    "yRel": 0.57055
  },
  "x2 ": {
    "xRel": 0.15407,
    "yRel": 0.54396
  },
  "x3 ": {
    "xRel": 0.17595,
    "yRel": 0.51555
  },
  "x4 ": {
    "xRel": 0.19768,
    "yRel": 0.48924
  },
  "x5 ": {
    "xRel": 0.21874,
    "yRel": 0.46403
  },
  "x6 ": {
    "xRel": 0.24178,
    "yRel": 0.44222
  },
  "x7 ": {
    "xRel": 0.26577,
    "yRel": 0.42263
  },
  "x8 ": {
    "xRel": 0.28941,
    "yRel": 0.40325
  },
  "x9 ": {
    "xRel": 0.31291,
    "yRel": 0.38392
  },
  "x10 ": {
    "xRel": 0.33504,
    "yRel": 0.3623
  },
  "x11 ": {
    "xRel": 0.35961,
    "yRel": 0.34298
  },
  "x12 ": {
    "xRel": 0.38534,
    "yRel": 0.32414
  },
  "x13 ": {
    "xRel": 0.41145,
    "yRel": 0.30452
  },
  "x14 ": {
    "xRel": 0.43577,
    "yRel": 0.28153
  },
  "x15 ": {
    "xRel": 0.46573,
    "yRel": 0.26367
  },
  "x16 ": {
    "xRel": 0.49457,
    "yRel": 0.24293
  },
  "x17 ": {
    "xRel": 0.52185,
    "yRel": 0.21866
  },
  "x18 ": {
    "xRel": 0.55174,
    "yRel": 0.19674
  },
  "x19 ": {
    "xRel": 0.58425,
    "yRel": 0.17771
  },
  "x20 ": {
    "xRel": 0.62032,
    "yRel": 0.16561
  },
  "x21 ": {
    "xRel": 0.62796,
    "yRel": 0.20364
  },
  "x22 ": {
    "xRel": 0.63053,
    "yRel": 0.24358
  },
  "x23 ": {
    "xRel": 0.64384,
    "yRel": 0.28169
  },
  "x24 ": {
    "xRel": 0.61964,
    "yRel": 0.31477
  },
  "x25 ": {
    "xRel": 0.60603,
    "yRel": 0.35251
  },
  "x26 ": {
    "xRel": 0.59619,
    "yRel": 0.39181
  },
  "x27 ": {
    "xRel": 0.60669,
    "yRel": 0.43289
  },
  "x28 ": {
    "xRel": 0.59092,
    "yRel": 0.4769
  },
  "x29 ": {
    "xRel": 0.56237,
    "yRel": 0.50054
  },
  "x30 ": {
    "xRel": 0.53116,
    "yRel": 0.52276
  },
  "x31 ": {
    "xRel": 0.50136,
    "yRel": 0.54577
  },
  "x32 ": {
    "xRel": 0.48645,
    "yRel": 0.57788
  },
  "x33 ": {
    "xRel": 0.48768,
    "yRel": 0.61389
  },
  "x34 ": {
    "xRel": 0.47349,
    "yRel": 0.64231
  },
  "x35 ": {
    "xRel": 0.43464,
    "yRel": 0.64442
  },
  "x36 ": {
    "xRel": 0.39769,
    "yRel": 0.6531
  },
  "x37 ": {
    "xRel": 0.37218,
    "yRel": 0.68051
  },
  "x38 ": {
    "xRel": 0.37306,
    "yRel": 0.71678
  },
  "x39 ": {
    "xRel": 0.37556,
    "yRel": 0.75393
  },
  "x40 ": {
    "xRel": 0.3642,
    "yRel": 0.7905
  },
  "x41 ": {
    "xRel": 0.37179,
    "yRel": 0.82821
  },
  "x42 ": {
    "xRel": 0.36727,
    "yRel": 0.864
  },
  "x43 ": {
    "xRel": 0.36577,
    "yRel": 0.89964
  },
  "x44 ": {
    "xRel": 0.38111,
    "yRel": 0.9341
  },
  "x45 ": {
    "xRel": 0.37549,
    "yRel": 0.97102
  },
  "x46 ": {
    "xRel": 0.35737,
    "yRel": 1
  },
  "x47 ": {
    "xRel": 0.32518,
    "yRel": 0.99218
  },
  "x48 ": {
    "xRel": 0.29306,
    "yRel": 0.9795
  },
  "x49 ": {
    "xRel": 0.2723,
    "yRel": 0.94973
  },
  "x50 ": {
    "xRel": 0.25362,
    "yRel": 0.91818
  },
  "x51 ": {
    "xRel": 0.22476,
    "yRel": 0.89493
  },
  "x52 ": {
    "xRel": 0.19235,
    "yRel": 0.87602
  },
  "x53 ": {
    "xRel": 0.1739,
    "yRel": 0.84208
  },
  "x54 ": {
    "xRel": 0.15094,
    "yRel": 0.81114
  },
  "x55 ": {
    "xRel": 0.14609,
    "yRel": 0.77092
  },
  "x56 ": {
    "xRel": 0.12736,
    "yRel": 0.73498
  },
  "x57 ": {
    "xRel": 0.097493,
    "yRel": 0.70619
  },
  "x58 ": {
    "xRel": 0.070569,
    "yRel": 0.67573
  },
  "x59 ": {
    "xRel": 0.088064,
    "yRel": 0.63811
  },
  "x60 ": {
    "xRel": 0.10321,
    "yRel": 0.60104
  }
}